word,tfidf_score
us,27.347481392522994
follow,3.707724968696998
park,23.35383115303294
rally,37.66146776849711
pok,42.260424499886
coverage,0.46099636422566037
live,10.101796168914232
moment,3.3479643349910386
miss,2.654575753975572
dont,41.17013209895453
city,12.837779132702195
abila,57.80714640610635
tonight,4.863004665593489
music,7.171572519445284
join,6.553014034034339
come,17.20723516984877
speech,4.2441218576063555
open,2.5093217367347016
marek,11.588766112221071
sylvia,18.208490148823508
leader,7.649233590084871
start,11.587350538170599
remarks,8.63012855838353
opening,2.9653395456929497
begun,7.4589904768473065
place,14.495461149520604
take,27.42124579159934
set,4.144707839236398
day,18.044931214271294
great,19.30808373498747
anooying,1.1547005383792515
pokers,1.1547005383792515
ugh,1.1547005383792515
arrests,0.4697824710826012
waiting,6.320334518873699
gathered,0.8881273809786455
cops,24.725381938618586
terrorists,14.071225464298681
massive,3.2783186361984127
controlabila,0.5542516353179995
peacecrowd,0.5542516353179995
keep,8.322970869914245
followmekronosartists,2.3400372629115322
click,6.0261086979122
followers,11.187510698256599
need,14.48318054885909
musician,2.61034941400919
artist,9.81667445458641
enthusiasm,3.3305293622117067
loss,3.3305293622117067
failure,16.56058218697225
walking,3.3305293622117067
success,37.075079023752636
new,8.77635194297957
anything,9.47577560401209
tried,5.618574976323561
mistake,4.431858013818029
made,10.851067002368833
never,22.620867986904177
person,19.452736166163408
decide,4.732380582577053
become,25.432778192472938
destined,4.436782436675842
knowing,4.995573186056496
wisdom,4.51527502949068
aware,4.51527502949068
knowledge,4.51527502949068
fiscal,3.4655339930723623
30,3.9157718928796736
mental,3.4655339930723623
80,3.4655339930723623
job,4.388052563372645
want,30.2543342416478
away,18.832268697823718
give,18.148196718914953
purpose,5.867894861861514
gift,4.90959970247925
find,19.341727668477542
life,52.0390413770585
meaning,3.6308687900631007
hell,5.35454072923738
going,38.488029120113616
youre,18.901038435215625
shots,13.693267902318873
100,4.475347617892135
failing,2.9588993539299233
mind,10.39819392574117
fail,12.625298906917118
succeeding,4.015223130819301
desire,9.992368373526027
succeed,13.074661230039682
may,14.577143722817057
wrong,11.123810999235763
ways,4.786442287401857
found,7.219735612199791
test,2.5618223022488738
didnt,5.352041052146729
believe,15.08021288614096
plan,2.5925715989790548
dream,17.447542549624284
also,5.713345948797067
act,5.35978460401789
must,16.298960958692494
things,21.821322301971993
accomplish,2.5925715989790548
across,4.8012213606197305
downs,2.3964969729900565
ups,2.3964969729900565
whatever,11.292957066635473
matter,7.750720262964476
asset,2.3964969729900565
capital,2.3964969729900565
thinking,3.650948255603051
go,26.26131053594415
good,16.204565934350722
afraid,7.422401810944964
stop,45.625784564094054
traffic,36.632592778843254
girlfriend,1.919832574101656
penultimate,1.919832574101656
decisions,4.619607366348473
circumstances,4.619607366348473
product,9.965930560993009
others,10.50179829558707
benefit,1.6211917637553817
seeds,1.6211917637553817
sowing,1.6211917637553817
potential,1.6211917637553817
maximum,1.6211917637553817
reach,6.385699811449713
growing,4.4013449792909105
isknowing,1.6211917637553817
crowd,17.376748218493326
welcome,2.1813355896394477
warm,1.626508125681346
stage,5.824264931571211
taking,7.743987103999331
market,1.1936058703430845
presence,10.036397719744697
police,75.63665942239824
heavy,4.231255256619201
today,11.14811229116273
surround,1.7551560476341928
violence,8.492316923231675
concerns,5.4463046371881685
might,10.366219179899003
late,6.862296931802282
win,5.148416350530339
battle,1.197511821565568
fight,3.1992723912028147
fear,14.485982279360215
greater,4.967208652403986
order,2.355488050594166
money,4.819537647991687
half,2.018866183046427
time,27.648454151307583
much,5.416797565863751
twice,1.5562546753237032
spend,1.5562546753237032
well,9.583894152949284
turn,1.5562546753237032
children,5.077108214793083
count,5.539831959068235
years,10.461259891034608
charging,3.889339293888334
talents,3.889339293888334
giving,7.957425240105351
neither,7.559475213496025
value,7.628972633503141
guests,1.2017644270145866
introducing,1.5323375728787196
terrorist,4.0259587512477655
destroying,0.5724279020275267
long,6.787764603173638
timelessness,1.393463074478459
intrinsic,1.393463074478459
depends,1.393463074478459
universe,1.393463074478459
secret,8.13543051898424
leaders,5.636287657366455
produce,2.8473436760598907
leadership,2.8473436760598907
function,2.8473436760598907
see,18.416541586763135
matters,4.110109910899307
look,14.587311847838452
show,3.5541051349743453
band,5.28251459449222
meet,2.4197687023519756
welcoming,1.0808482885062491
opens,1.0808482885062491
check,13.82400880912734
magic,1.7276748621257383
power,5.40087868395836
genius,6.154105124889523
boldness,1.7276748621257383
begin,4.393120881947817
punt,6.363961030678929
doubt,6.363961030678929
dayout,2.7996245746366646
dayin,2.7996245746366646
repeated,2.7996245746366646
efforts,2.7996245746366646
small,3.803289896525921
sum,2.7996245746366646
easycreditkronosmorecredit,3.8521967250436955
worth,10.449639147193079
get,30.338538204124077
cards,3.8521967250436955
credit,8.512010065006555
easy,5.113653345140935
unconquerable,4.860147503086554
ones,18.430850943446668
imaginary,4.860147503086554
overcome,7.296622995274784
difficulties,4.860147503086554
real,13.95733538675822
world,18.42845144630392
difference,8.104494140082943
make,26.533048810939853
tell,6.599479926370745
people,49.24475530426829
types,3.765215671604797
two,21.817018190806944
runs,4.391302855268417
run,17.1532274497849
either,5.896932257705059
progress,17.739019216234485
shalt,3.0826643034423458
thous,3.0826643034423458
know,9.63329201164767
say,13.36825180355879
tongue,3.0826643034423458
thy,3.0826643034423458
teach,6.111085769359999
butterfly,6.0994708723872595
turned,5.341971620177814
ending,5.095729734341708
thought,3.932597694413648
caterpillar,3.5376623929848483
daily,4.491477100743284
recommend,9.213392602846891
thats,12.541228795278645
bathing,4.491477100743284
last,7.859541639498123
doesnt,8.127518773608438
motivation,8.601195878274293
often,6.697996303816011
followerskronosgetpeople,2.5814107413702403
program,2.9648083298764005
100s,2.5814107413702403
getting,16.225766966291307
im,24.194967887165493
swear,3.0000756301163127
nuts,2.5814107413702403
getemkronosfollowers,2.2006443360172194
using,3.00406026293788
week,2.8575688506028376
1000,6.338783392801497
gain,2.5741005045865997
react,3.0094427098781193
90,3.0094427098781193
happens,6.290872403721645
10,4.834226630942741
coincidence,2.689643889906259
self,2.689643889906259
low,2.689643889906259
got,21.732475896392874
complement,3.471036027177006
return,5.037826651985982
like,21.584788446993286
would,11.11365785768149
diminishes,1.8137771163793623
learned,1.8137771163793623
elses,3.5219987637243766
someone,16.033669928296117
living,17.77313831025048
waste,13.593543695088263
limited,3.5219987637243766
empower,3.3222289850557014
century,3.3222289850557014
next,10.546162156699491
ahead,3.3222289850557014
always,24.702910989423636
certain,5.726858861620648
safe,9.239586069180842
risk,9.3419619840957
accept,7.736044695210542
willing,11.594931658131317
trust,11.506131852120017
bonus,2.5677840245414787
said,4.6292423107819936
gastech,4.337904629983879
weekend,2.7584502931438215
racing,1.1397619315206036
support,7.7184570007695825
todays,1.5007097645951535
speakers,4.160168014934234
guest,4.049621403272443
rioting,0.31058800843234696
possible,9.490987236115815
prepare,0.31058800843234696
early,2.675344219842461
close,2.5999314326536562
advised,2.979558617868067
area,23.716218322293376
businesses,14.964380088611708
pilau,0.5942900797255981
parla,2.2772421264787552
from,0.31058800843234696
st,5.123719696612204
egeou,2.6276245792537885
closed,5.367273883583591
due,1.3059731683016578
ugly,1.0990520702950994
words,1.5358690374566994
lovely,1.4177850403418515
inspirational,1.5070007686401194
shes,2.7888787274432123
speaking,4.523823421624861
action,6.309231945750222
less,2.738167340691477
talk,4.756702976456129
agenda,0.4655051551163325
tonights,0.8023735687230494
looks,9.08602986062239
inspiration,3.7126571523011602
ready,3.0631703948934046
spandex,0.41251394214285697
suitable,0.41251394214285697
yellow,2.339471833428108
green,1.1823487347938906
wonderinglime,0.41251394214285697
anyone,10.691411048142214
case,1.2952364954768387
thing,14.30803536494579
important,6.370120892330371
sleep,4.679602301120205
curious,4.501037044023721
interest,10.989916829761315
soul,2.5075230783085565
determined,2.5075230783085565
resolve,4.211067758219999
firm,5.3386722426352105
control,29.115526062919905
hinder,2.5075230783085565
fate,2.5075230783085565
destiny,5.933693088563821
chance,4.066965686782355
ordinary,3.884955875698498
settle,3.884955875698498
usual,5.773231913542496
work,20.457111019200877
lessthanexcellent,3.1602412187718194
quit,3.1602412187718194
second,12.03710343354973
excellence,3.1602412187718194
achieve,16.617377947711653
badprofileskronostacky,6.887057024251596
haha,5.102274259710356
famous,4.767861602580287
dateskronosclickhere,5.76149267407671
site,14.289997851863237
everything,18.16351511705647
impatient,3.6285073296794392
wait,13.735249027836876
something,17.536628192950285
genuinely,3.6285073296794392
conservationist,0.714462666388946
activist,2.1252719673040863
awardwinnign,0.714462666388946
newman,18.524779452747676
mcconnell,5.319228210145111
audrey,8.388485102683738
dr,20.467165450731606
special,4.487047049599466
alzawahiri,0.6345285400350568
group,0.41363725553725156
terror,0.8276865206690112
greenwash,0.41363725553725156
tring,0.41363725553725156
disturbancenoise,12.0
carskronoschoppers,3.847358347971886
asked,6.564673332621389
questions,5.520463534810089
sales,3.847358347971886
car,7.534347174695915
cheap,5.874068585409532
measured,7.187876946725781
insanity,4.892446819950311
distance,4.892446819950311
wouldve,3.280806811079475
diff,3.280806811079475
whats,10.249603987546054
sow,1.2342664038192455
jakab,13.41014526358725
lucio,12.5921865845734
uofa,1.1749052118609047
stefano,10.940023054245472
di,10.030487318661725
lorenzo,6.993194814644407
professor,5.715445429125183
presenting,5.901029547697188
excess,4.050477635889222
draw,4.050477635889222
expected,4.343211689127516
anarchy,1.745066960001739
death,2.0824460580267945
crime,15.963091886482689
alarmsecure,11.128121090422322
viktore,22.724227131178893
favorite,2.509008342262299
hometown,0.9174206759150783
abilas,0.9174206759150783
povided,0.9174206759150783
happend,1.05267201735742
riot,1.05267201735742
another,5.190189726697867
assaultin,6.7362022993979265
misdemeanor,6.7362022993979265
wildlands,5.587128802488051
save,4.400012486276874
founder,1.2633605302438602
co,0.48068640060405604
peaked,6.147008919681695
pokkronosmeetourpartners,0.39081811996339594
gurbuz,0.39081811996339594
estefan,0.39081811996339594
greenlife,0.39081811996339594
interviews,0.778758790400019
speak,3.626988133292435
traveled,2.6695514369438893
environmental,5.737853610776362
recognized,0.3823794797027431
internationally,1.8971395965567894
sowkronosclimatechangepollution,0.3963416293816017
pollution,1.2011402274399705
water,3.0079348353797917
air,0.8575733271735576
strengthens,0.3963416293816017
warming,0.3963416293816017
global,0.7230123140848081
providing,2.547115625865602
along,8.17078398741313
mcconnel,2.547115625865602
extorting,0.8795124005147936
kidnapping,3.0456250901916007
cred,0.8795124005147936
aura,0.8795124005147936
trying,5.075480484368251
smushcomkronos154xu5xi,0.8248229394205605
vacation,0.8248229394205605
exotic,0.8248229394205605
employees,1.265678609911375
missing,2.1157182106895602
achievement,6.009739695685665
point,6.590643714857178
starting,11.405307440941044
breath,2.997143373424249
moments,6.03280854820359
breaths,2.997143373424249
number,11.449625851620496
love,4.418931947117452
way,16.63566676981416
thrown,3.345925457049578
bricks,3.345925457049578
foundation,3.345925457049578
lay,3.345925457049578
one,33.12953437483159
man,10.233527382493458
successful,15.416221423228354
tenacity,2.440769451590185
merely,2.440769451590185
rest,3.4367762452642783
decision,4.967941881051422
difficult,2.440769451590185
home,12.039002763132158
dark,4.787552388332103
loose,3.1071947319769326
pokkronoswaterfacts,0.5343127088539531
clean,1.6527387183530933
drinking,0.5343127088539531
viktorekronos,0.8564261869363319
contact,1.0455880654919962
event,1.2266089887967755
victore,0.45091063159165523
schedule,0.45091063159165523
injustice,1.0036345568688634
tyranny,0.38497742739101054
supports,0.38497742739101054
army,0.8565004172452516
peoples,0.38497742739101054
asterian,0.38497742739101054
hear,7.338919210382033
cant,27.216022128754805
themself,0.9196098971499478
ally,0.9196098971499478
speaker,1.260464980335373
legitimate,0.9196098971499478
subject,11.18733754479224
undone,4.343348600314886
left,6.557538265323286
die,6.364022830970995
tomorrow,5.019790719896482
put,7.336191865971991
impactful,2.011690967392111
boss,4.617690932578241
introduces,2.4847401920289265
subjectcircumstancesin,6.977945563307319
suspicious,11.888624243339187
mindless,0.5138159984780742
loves,0.5138159984780742
lose,6.866570147621522
prof,3.9406220712444724
remarkable,0.8811050385251205
try,9.0633155274183
least,2.649369441412109
alive,1.665507800875075
backwards,1.8917679106501224
forward,2.17763487323859
looking,8.64393156098719
dots,1.8917679106501224
connect,4.738348073554404
took,6.94330550375755
wood,2.392896938888109
diverged,2.392896938888109
roads,2.392896938888109
fears,4.983390306211684
dreams,10.427941925094578
many,13.54163776661234
dare,2.390983930235623
big,5.498396489308582
weeks,0.5268486649188266
building,32.34220662494087
ripping,0.5268486649188266
theyve,0.5268486649188266
podium,1.0048211406060035
sows,0.5524618179363018
homelandilluminationkronosmarekinterview,0.42639488665779607
poks,1.7270050886950348
salo,0.42639488665779607
maha,0.42639488665779607
sowkronosgreengardens,0.5928079447917896
garden,0.5928079447917896
natural,1.1841746273157772
peace,2.1256173756052044
part,0.7924287065603256
happy,1.304247413829667
hanns,2.886815531772882
bert,5.0508042727771985
blatherblatherblather,2.0
2000,1.2008946076919993
turnout,0.526887905359141
girl,2.54452538923088
rocks,2.065688589944612
neverwas,0.4437157269832089
hasbeen,0.4437157269832089
hes,10.734210001553604
losere,0.4437157269832089
call,9.89217074117194
incomplete,9.89217074117194
catch,3.9516852261089714
right,9.009310057763214
chasing,2.390026714039349
use,11.786135140062568
think,36.62296749755545
whether,2.472474388481822
wanting,4.714808085782922
isnt,13.586265967140243
winning,6.871090669679135
reaction,2.3166159009488814
problem,8.743666436318048
mile,4.802390884144631
extra,4.802390884144631
jams,4.802390884144631
business,8.340553451701728
better,14.3889720862837
enough,6.35347802107916
understand,4.0544504795836716
simply,3.078393540892018
explain,3.078393540892018
nature,1.743540762046765
einstein,1.5175671700160476
albert,1.5175671700160476
quotes,1.1555307605423768
says,16.349976963876344
fulfillment,0.6047854135746701
stupid,2.92479188377832
hopefully,2.1311446136819816
lots,7.312397079533611
strong,7.316973012857912
3000,1.1329453902814717
ta,1.9104900251550732
chanters,1.0594036782334268
lame,2.728553687749557
accidentreport,5.961309620229574
vehicle,8.902417574177559
liking,4.90478296503204
fastjobskronostricks,3.932310402797857
online,7.91393149077424
month,4.597384240239594
6308062,4.333080684695403
fun,3.8693755665358633
unless,3.528740488224126
rarely,3.528740488224126
stone,5.269983464289602
first,16.85715314023741
cast,5.269983464289602
sin,5.269983464289602
without,16.37468174434573
within,3.4132596017145898
struggles,2.979986351222128
medals,2.979986351222128
gold,3.3505449090622426
arent,4.943376773129122
battles,2.979986351222128
masters,0.8570180298899679
corrupt,2.700070370757534
serve,6.089965246001832
cuz,0.8570180298899679
scared,5.80391071845596
later,3.5833164146275704
figure,0.42353834610089675
arrest,1.3897665210886971
faith,1.7963890417742125
lost,10.207210775959757
stupd,0.42353834610089675
mean,3.418371303264146
hazard,3.9044567008635327
murders,0.5480207888477159
probably,3.119574752565807
kidnappers,0.5480207888477159
theyre,5.652486196265907
homelessness,0.45904233958720664
awareness,0.45904233958720664
raise,3.785056900911818
mtg,0.45904233958720664
planning,3.043486127478034
arriving,2.7940545250639124
still,32.20736329831125
theres,8.270313720015194
900,0.45335635098143195
esitmated,0.45335635098143195
quoting,0.8080403731737354
sowkronosmakeadifference,0.5935831206750974
help,16.832104277509135
wetlands,0.9916657033902232
apd,22.77114548454811
note,0.565189592685223
marvel,3.0764292538717695
descriptions,3.0764292538717695
heals,3.0764292538717695
future,6.112710981825549
ask,5.67142492922418
ship,1.9968934382686248
rocket,1.9968934382686248
seat,3.9937868765372495
offered,1.9968934382686248
ever,8.886125493447741
ghost,2.5087543463446633
past,2.5087543463446633
trouble,0.9096247256911582
etheres,0.9096247256911582
hop,0.9096247256911582
tonite,3.9983394869358015
everywhere,4.458267936956582
back,17.30986875152447
poisoning,0.4224789088157407
kronos,6.32980077261504
ruining,0.4224789088157407
corporations,2.292303985647722
greedy,0.4224789088157407
limitless,1.9618735916149057
possibilities,1.9618735916149057
imaginations,1.9618735916149057
minds,9.493206118900606
limitations,1.9618735916149057
improve,5.904269626780179
single,3.01777503587338
nobody,4.175581168694148
wonderful,5.1627229770521055
phenomena,2.0
incredible,2.0
inspires,2.0
evolution,2.0
wind,8.590013237247303
takes,7.662318603027706
airplane,3.937499029302546
remember,9.028199780060806
seems,7.655910698144962
word,15.117803095032748
impossible,3.460564674341553
nothing,13.454722300029905
earth,3.930029996104177
relationship,0.570802247378436
symbiotic,0.570802247378436
sympathesizers,0.5008234691810995
view,3.5912140290922423
blocking,0.9804706192341794
ur,1.0977971409395462
sit,1.1815511305266135
inspiring,2.218109588892644
audience,0.9894705962332861
cheers,1.4207944101813959
species,2.041014222975722
survivial,1.2753740810271377
linked,0.4598856308864131
directly,0.776738124304226
survival,1.8743271376973016
poster,0.4280068160030986
wanted,4.2640171510949605
ten,0.4280068160030986
top,10.85374408293353
photos,0.9820129750065223
send,1.4711376026129788
shore,3.2538220523163806
sight,3.2538220523163806
courage,9.763102948405711
ocean,3.2538220523163806
cross,3.2538220523163806
multiply,3.7743016297421654
instead,4.386455649397305
add,3.7743016297421654
edition,3.7743016297421654
imitation,4.037087555027987
originality,4.037087555027987
tells,2.0223994343373564
stones,4.961364876775129
stepping,4.961364876775129
surest,4.961364876775129
discouragement,4.961364876775129
failures,4.961364876775129
develop,4.961364876775129
dietkronosstarvenow,3.186003005351733
article,3.8302751125747894
news,7.029691171439595
works,3.474684552524841
stuff,3.819476803299798
weight,3.469204032773877
bunch,4.165234161657768
tunnel,8.862207870914641
carpet,5.775635788557576
hurts,5.775635788557576
hand,6.502579791659715
hostages,15.753328060735674
quality,1.9958504488250768
hows,5.8563364504323685
jacob,0.5016586920727363
hey,2.7209243968836034
tied,1.1791159030363123
everyone,7.37718586278121
blah,0.883597496854108
followerskronosgetpopular,0.48978593774890894
viktorekronosourfans,0.3727756329751653
keyboard,0.3727756329751653
play,1.7867157736613586
watch,2.4232466316634698
studio,0.3727756329751653
visits,0.3727756329751653
tense,8.593838171239756
far,5.812827376661648
peaceful,12.996181185586304
corruption,3.0756288417614983
accountable,1.1311113421351742
officials,17.867585574087514
hold,1.5011864230877345
activism,2.4110579900335845
community,4.030638699701293
responsibilty,1.1333475358357012
govt,1.0490315389135736
corporate,3.2786428079581738
environment,5.155816136577678
supporting,0.7452536666690321
awesome,2.045542406559985
truck,4.585177181642406
taco,0.5500830396184891
supposed,0.5500830396184891
selfknowledge,3.5
reckless,3.5
shapes,3.5
nonjudgment,3.5
permission,3.365966164665482
asking,6.024331046059638
greatness,3.365966164665482
snatched,0.6095776059856812
saying,1.3189098731415654
sign,1.5119555066437886
kidnapped,2.0709009912622642
post,2.9293383008839875
beauty,2.443651709182142
zone,4.1265936573290745
comfort,4.1265936573290745
outside,11.668871504392355
families,1.0248639147174008
millions,2.6102912696366203
corperations,0.8384393498637739
tethan,1.56550604202303
greeddy,0.8384393498637739
stooge,0.8384393498637739
kapelou,1.2578031808255536
president,1.6093204975695736
carpool,3.956886911983287
bad,8.823600255008717
else,6.249484564763915
yeah,3.1427947367108886
whole,6.094516586322133
heart,3.177364019044108
capture,2.069650951578125
pursue,4.316636299928505
eye,2.069650951578125
anarchist,1.0
sowkronoshelpnow,2.682475663865824
cormorant,0.867110430437761
scarlet,0.867110430437761
national,0.867110430437761
celebrate,0.867110430437761
kronosians,0.44780489856096045
sustainability,2.270058354547068
message,1.7116140486338969
bringing,1.2612307822927096
appear,1.1922363700634637
criminal,0.5805084528146822
tuesday,1.0082489706510003
party,2.313905636074768
playing,7.041408472920624
wont,3.581158181840213
10000,2.1085556658465157
ive,5.46274463572052
failed,2.1085556658465157
legacy,2.7127965013730853
leave,5.001582634348537
1200,4.7468749004245785
roughly,0.4669766221472965
attendance,3.8760644667175144
places,1.3033788155599615
estimates,3.8760644667175144
ransom,0.4537911021420075
cut,1.470214478432919
viktortree,1.8887147871451866
jewlry,0.4537911021420075
idiot,1.0240001889845862
research,0.6210315136944475
robeson,0.8823380732822881
lero,0.8823380732822881
lomax,0.6882002250525541
ellen,1.0886486558235435
gastov,0.6233727616092095
erik,1.0260924131042952
musicians,0.33389205234512076
local,1.7778458620433522
cause,1.4445162699722411
plays,1.0889309349646918
plea,0.5303273615933088
ends,5.223879453852736
beautiful,0.825559550860812
victims,2.903911601055173
extorted,0.5099492608581235
poeple,2.834246121735765
care,1.93976938225475
capitalists,0.5493912020596856
momentum,0.895912229652817
seem,5.396305277750198
luck,8.242732171017643
harder,4.582633713552818
elodis,1.2507718069334683
dedicated,0.5198599094417341
soldiers,6.471582167818661
river,6.770597957665465
song,7.449169167733164
stinks,0.5045262366797847
sap,0.5045262366797847
heard,8.5275203307217
syruppy,0.4149871012668312
barf,0.4149871012668312
around,10.029663295396503
blogs,2.7704697557818005
nasty,2.7704697557818005
spreading,3.966631294095251
website,2.7704697557818005
fyi,2.7704697557818005
meaningful,2.3566481631379017
makes,3.143911696592318
overcoming,2.3566481631379017
interesting,2.3566481631379017
challenges,4.152325087784714
passion,0.9010448360900332
sharing,0.4172771471293067
thanks,9.791820646226675
marak,0.4172771471293067
howling,1.0956148474342067
dog,1.0956148474342067
closure,0.6465179007841072
controlstreet,0.6465179007841072
humanity,0.5226132788132535
crimes,0.5226132788132535
shoot,4.5372726102898255
murder,1.064155603310713
kidnap,1.39717873185389
almost,5.361608258377928
forgetting,2.4320979397969293
remembering,2.4320979397969293
blessed,5.153879615041905
idea,8.810073374261632
handle,0.5656869802219284
flits,0.9798909934966217
sorry,0.9718233771714144
appreciation,2.742569395947897
except,3.1949794014865933
please,14.715835837215609
roundup,0.40972615564256665
ill,4.370141351710188
maybe,1.462872633295037
walk,0.8998870045528999
fingerboard,0.31622776601683794
rosewood,0.31622776601683794
maple,0.31622776601683794
rinaldo,0.31622776601683794
custom,0.31622776601683794
nashvilletuned,0.31622776601683794
12string,0.31622776601683794
1965,0.31622776601683794
guitar,0.31622776601683794
eriks,0.31622776601683794
alm,1.3152537581981356
north,1.3152537581981356
size,4.362256749303493
oars,5.5193853035696385
surrounding,15.564031988002984
streets,3.457408632196035
excuse,3.287216992068366
gave,5.466491362004014
attribute,3.287216992068366
range,0.7308025003037849
mountain,0.7308025003037849
notios,0.7308025003037849
near,12.246422540696884
farm,0.7308025003037849
grew,0.7308025003037849
hope,8.211360084629716
crackdown,0.9572388065561309
imagined,2.6784948501534096
direction,2.6784948501534096
confidently,2.6784948501534096
drugskronoscheappills,2.243867505807796
meds,2.243867505807796
refill,4.487735011615592
energy,5.695437605859707
positive,5.077857189870514
takers,5.077857189870514
givers,5.077857189870514
entrepreneurs,5.077857189870514
repair,0.4351235441102126
shoe,0.4351235441102126
name,0.4351235441102126
talent,3.83657020344266
mr,0.6106918309732144
glory,0.6106918309732144
talks,0.37243939628858475
tha,0.37243939628858475
needs,0.896572283003557
every,12.03006167930925
victor,0.7535083365378442
book,2.1837248524574866
fixitkronoscreditratings,5.529168033969872
boost,5.529168033969872
rating,5.529168033969872
graduated,0.32026214153401816
theyd,0.32026214153401816
school,0.7374884876902088
secondary,0.32026214153401816
went,1.0388432306428188
country,1.0010660452893951
pollute,1.240865681340431
stand,17.409782892196493
supporters,0.36820313533168286
boycott,0.7364062706633657
smadcokronosxx3942,0.8948872386889446
tethys,2.1430736635758048
discovered,0.8948872386889446
elian,2.416275287361417
town,2.3778971155403887
inspired,3.2469660994127105
viktores,0.4253404430437127
refrain,3.495744103465203
cheering,1.0337423524665987
haunting,0.917058524491025
bittersweet,0.917058524491025
age,0.38829071079735605
grandmother,0.38829071079735605
credits,1.105032845718747
strings,0.46270123677711056
tugs,0.46270123677711056
juliana,1.9856960038866796
criticism,2.2862533852661393
avoid,7.861389186919104
evvah,1.5973167559828958
salad,1.5973167559828958
seizure,1.5973167559828958
best,15.778002602233416
freebird,1.0
conceive,3.403950866150973
disguise,2.8683922896147482
blessings,2.8683922896147482
trials,2.8683922896147482
bitter,2.8683922896147482
rubab,0.3053694942897972
yehu,0.3053694942897972
torban,0.3053694942897972
laouto,0.3053694942897972
lute,0.3053694942897972
including,0.6373521421514851
instruments,1.2133983792538738
stringed,0.3053694942897972
hippy,1.2045817108181025
figured,1.2045817108181025
grasp,3.1499473582598463
beyond,3.7658501956750987
pursued,5.359959547269166
happiness,6.033990158370791
hate,1.512333799679411
war,0.4643537099129272
creativity,3.7071659882959946
feelings,2.0302595940324846
99,2.0302595940324846
tear,2.0302595940324846
goodstuffkronoslinks,5.353568177407263
scares,3.8985434998202715
exactly,3.3664574252716957
road,6.100203092795398
rather,4.915935535309451
strive,2.975909121882452
born,2.0125349183551973
days,2.315307766605189
taxi,2.0301368513269273
classis,0.385449727193214
mitchell,2.7470840798600964
joni,3.0609612237044788
th,0.385449727193214
covers,0.385449727193214
powerful,0.9883099271830803
mood,0.5809874295091841
slowly,4.323980206373999
neighbors,3.0410739865002183
family,1.8977505796392409
friends,2.0819061977588813
listen,1.9462717481632115
reason,2.705413631916334
mortal,0.9649598530873791
subsides,0.9649598530873791
arises,0.9649598530873791
consciousness,0.9649598530873791
ignorance,2.132707379320092
costs,2.132707379320092
education,4.640656270800644
captive,3.290168113334177
refuse,3.290168113334177
taken,10.59989004602488
toward,3.290168113334177
step,3.6319391528171185
blame,2.6224305093718274
terrible,2.9831758133300967
hands,5.698426759516708
march,0.8663038289066551
trafficking,0.8663038289066551
human,0.8663038289066551
booking,0.8663038289066551
unsuccessful,4.696452648429294
common,4.59845752367108
hesitates,5.338687425436536
writing,2.0263514928040394
reading,2.0263514928040394
write,2.0263514928040394
sing,1.8581045815532158
invites,0.9267022916461994
songwriters,0.38276870416495684
greatest,2.2386317129711455
sings,1.8624849258203189
mitchells,1.1563378449177746
kill,2.1082618491352383
land,1.1967879166830828
smadcokronos1s923k9,0.9853784991940806
connection,0.9853784991940806
scandal,1.2257654446617208
ideas,5.770092175572154
flush,5.372690209308502
singing,1.17208337157865
wild,3.285059519079537
destroys,0.45593064827236557
teror,0.45593064827236557
unexamined,4.28282625772855
absense,1.680395435707616
mastery,1.680395435707616
resistance,1.680395435707616
irrational,0.38214658782997124
response,1.1068225326539098
enthusiastic,0.6172925630649612
rise,3.9464626844445427
hottipskronostrading,3.6172306703070918
link,4.8729860930415105
visit,3.6172306703070918
advise,3.6172306703070918
hi,3.977677726602273
mistakes,1.0723732676535962
making,7.556139520472987
consist,1.0723732676535962
passionate,0.45158598791201093
lot,7.78051837454572
blend,0.8802888137034062
done,6.985385486823233
presentations,0.4118252151435432
ago,6.3603421360374925
20,2.2709179662885988
tree,2.2709179662885988
plant,2.2709179662885988
revenge,2.9370569330402665
strangest,4.520835946710258
science,2.3147499365285893
teaches,1.2639965049929502
cover,0.7943098353855175
classic,0.699583905560744
joining,0.381556322894819
picskronospics,2.130908323642638
photo,2.130908323642638
different,2.130908323642638
actions,3.778519875932337
comes,9.260827787495284
readymade,3.4585795393262204
responsibility,2.779039603474729
social,2.1441473067913406
univ,0.39832293136470937
collaborate,1.178051615913116
goals,3.1543632765644563
obstacles,3.1543632765644563
accomplishment,3.1543632765644563
measure,3.1543632765644563
faculty,0.4368396942934485
member,0.8445602750646862
distinguised,0.4368396942934485
fans,0.9341400360987249
thank,8.520113628462571
wants,3.043060668462099
argument,3.4625455690288915
voice,4.404648968203572
welcomes,0.8955598743563027
sowkronosclimatechangedistafanointerview,0.8356395222308047
belief,0.8356395222308047
devastation,0.8356395222308047
warn,0.8356395222308047
scientists,0.8356395222308047
let,13.498299684378216
dictionary,3.898428210306843
proportion,3.7230012514758886
expands,3.7230012514758886
shrinks,3.7230012514758886
change,15.45519675864341
crazy,7.792153728729616
cheapdrugskronosmeds,1.8246582916385246
required,1.8246582916385246
prescription,4.053548183914601
drugs,1.8246582916385246
discount,1.8246582916385246
movie,6.8953712560567775
disinterested,5.918222399849968
form,2.343022820535834
dreaming,2.343022820535834
observations,3.4641016151377544
influences,3.4641016151377544
intuition,3.4641016151377544
university,0.8455681589916977
de,1.5001125332305625
lazy,3.763232908753188
created,3.763232908753188
masterpiece,3.763232908753188
interdependence,0.8281526251820932
talking,5.3334332019181305
homeworkerskronos,0.44048278768155624
clicke,0.44048278768155624
cousin,0.44048278768155624
lawmakers,0.5578292419912202
partners,0.5578292419912202
sowkronosclimatechange,1.1688078031317173
affects,0.5190886575920721
climate,1.1688078031317173
raly,1.2266589653407929
addressing,1.2266589653407929
distefano,1.2622967154248865
sure,7.0396890531102
preety,0.4585215512031464
citizenship,0.38485341271943335
demand,2.30776239355449
telling,4.0015577008719845
greed,1.108652306381437
killing,2.8533566622054165
knows,1.91000605159002
deported,0.47282782182673355
degrees,0.47282782182673355
stripped,0.47282782182673355
empty,2.185559516664646
arms,1.4351852154636902
whose,1.4351852154636902
rich,1.4351852154636902
truly,1.4351852154636902
excitement,3.7652680472995725
losing,3.059396286143801
society,0.8502719992262868
crucial,1.5582629693943653
practices,0.8502719992262868
responsible,1.2301862455861696
sowkronosgreenliving,1.045417727271992
vegetables,1.045417727271992
radio,1.045417727271992
choice,3.576341138399765
motivate,3.576341138399765
miserable,3.576341138399765
atrotious,4.618802153517007
grammer,4.618802153517007
spelling,4.618802153517007
lift,6.605240645679735
halfway,4.1409428167004485
minion,3.0360872773869825
filay,3.0360872773869825
serving,3.0360872773869825
watcherkronosfilters,0.4497194582405922
blog,0.4497194582405922
mutually,0.42742170492175796
citizens,0.7890715624104567
viktorekronosmusicvideos,0.5605783759138488
perform,0.5605783759138488
wildlife,0.4960349958634762
hungry,0.6206585308278527
dragging,1.5561451906867183
diseasefundkronospayus,3.0909394367376475
cure,3.0909394367376475
diseases,3.0909394367376475
light,5.033096836696
men,2.4783239361178326
tragedy,2.1383258339130946
child,4.350452025019244
forgive,2.1383258339130946
easily,2.1383258339130946
consent,5.115094187518229
inferior,5.115094187518229
feel,7.2017033784225415
satisfaction,4.854639768926801
bed,5.216884772307722
determination,4.854639768926801
morning,4.854639768926801
youve,8.687113511309096
focus,2.589265520097491
laserlike,2.242867277502344
average,2.7454994183726233
warrior,2.242867277502344
gotten,1.1300059204455124
youll,1.8606227183826494
contestkronosfreeithing,2.8092589889809294
contest,2.8092589889809294
ithing,2.8092589889809294
free,6.786150781199498
stroke,2.6343205475044273
sometimes,3.065356258247057
profits,0.49787774704275345
term,0.49787774704275345
sowkronosdistafanos30127pdf,0.3570120594054517
study,0.7379472168727211
according,0.3570120594054517
chemicals,0.3570120594054517
exposed,0.3570120594054517
cormorants,0.3570120594054517
thousands,0.3570120594054517
government,7.201390743478856
accountability,1.2831057542374196
aiding,0.47230188126466893
proffessor,0.47230188126466893
innovation,2.443688263953302
sustability,0.4347879464926915
drives,0.4347879464926915
engagement,0.8389073080123317
lights,1.2447766770873092
office,1.976204602488838
turning,0.4292626213072753
flavor,3.029767496144684
gives,3.029767496144684
condiment,3.029767496144684
partnership,0.3623722038374003
sophisticated,0.3623722038374003
level,0.3623722038374003
stakeholders,0.3623722038374003
engage,0.3623722038374003
sheep,1.9379701831563279
eyed,0.8465248653196343
glassy,0.8465248653196343
dstrangeo,0.8465248653196343
farms,1.220004079755494
vomit,0.4724316058514822
juliannabanana,0.4724316058514822
follower,2.1143962197707507
distinguishes,2.1143962197707507
economics,0.6927870397443279
ecological,0.6927870397443279
phd,0.6927870397443279
marine,0.29687217640838576
ms,0.29687217640838576
biology,0.5937443528167715
bs,0.29687217640838576
sick,3.4489332100621426
kids,1.7118036858893242
angry,1.0836030829085392
julie,0.9481842654137266
poor,2.285025623518191
extort,0.9481842654137266
360,2.983119476452872
award,0.9769676862254115
carson,0.9769676862254115
rachel,1.3092114850054108
prize,1.8504414008392316
goldman,1.2742598836127577
winner,0.30811808762270293
create,3.830939961389517
happen,3.5005692164639335
opportunities,2.826588354736825
date,2.6322647033625337
2013,2.6322647033625337
31,2.6322647033625337
april,2.6322647033625337
definiteness,2.524611464689114
otters,0.8077613895437115
prizewinning,0.46080930079866056
author,1.1408026235221254
read,1.8605398453643103
egghead,0.5935534978451509
individual,2.1569746704730184
sciences,0.8526322042361524
institute,0.4453102060729159
board,0.8526322042361524
serves,0.4453102060729159
keeps,3.4056273346978427
habit,2.735305290378523
started,3.469409736224801
gets,3.6022173961772017
together,1.9921123040403503
dis,0.48869208415149423
fantastic,0.48869208415149423
grows,2.6263619546662813
remain,4.631166547531688
applause,0.7540570559545875
thundering,0.7540570559545875
receives,0.7540570559545875
remarksand,0.7540570559545875
concludes,0.7540570559545875
rotter,1.5115183758317468
slippery,1.0684317677897601
vandalismreport,4.0
shut,1.3075938710278674
doomed,3.3487692099747903
disappointed,3.3487692099747903
ground,3.707719851304738
joy,3.318484521886583
climb,3.318484521886583
fall,4.860984162075262
dares,3.4641016151377544
sides,3.4641016151377544
fortune,3.4641016151377544
1998,1.0278526260902796
awards,0.3634543659154022
prestgious,0.3634543659154022
numorous,0.3634543659154022
pin,3.992874985141552
institution,0.4494239988635956
scientist,0.4372839446025401
renown,0.4372839446025401
2004,0.7188188212221509
creating,3.3121560591805417
finding,3.3121560591805417
2001,0.3868384200603916
states,0.4301238930765509
united,0.4301238930765509
usa,1.1677917604576842
audreyrotter,1.1677917604576842
movement,1.7186876143671814
believes,0.8113611663818213
boast,0.3884887535473789
deludednation,0.3884887535473789
homeland,1.6691016644750216
force,0.3884887535473789
press,0.753995517569733
ha,0.8099775096875728
radicalism,0.58614315840677
extortion,0.5225540389603638
headline,0.5225540389603638
radicals,1.5670895815024513
rules,1.5670895815024513
alinsky,0.39295060980432617
saul,1.14279345564211
american,1.14279345564211
ignorant,0.59381530437273
crap,1.7438972881931294
known,1.2457266050909928
sowkronosclasses,0.8748696192744385
saving,1.4576806541028051
key,1.5574546537831193
begins,4.281266449877371
featured,0.4057093919284329
gelato,17.372126411958508
wnats,0.7148501972771064
hire,3.0796392349839143
build,4.923990402658334
pokkronosjoin,3.053960598464199
greenie,0.5145274920317228
whiny,0.5145274920317228
alinskyauthor,0.8098245025260458
rotters,1.4391999058727079
songs,1.7629502289694088
makemoneykronoslink,1.6696779868348899
software,1.6696779868348899
paid,1.6696779868348899
terrorism,1.442675443986992
learn,0.4813902380553633
thoughts,4.306966593772022
organizer,0.7859016096424275
effective,0.7859016096424275
contain,2.798919591872486
principle,2.798919591872486
reasons,2.798919591872486
experience,3.4833138255685467
showing,5.326610634508568
percent,4.895987716115094
eighty,4.895987716115094
blowing,3.7769611422613525
felt,4.536376479386491
literally,3.7769611422613525
silenced,0.6145956827110185
means,1.0432883191184434
paint,1.229191365422037
finished,0.38742338908067014
renovation,0.9191057244968154
wish,7.25572439865077
upstairs,1.7165062419711572
funny,0.9890775072311653
smell,0.8275319844639712
burn,1.5985133884823188
feelin,1.1657251074712902
peppers,0.4075114411716549
hot,0.4075114411716549
endangered,0.5971142013289661
events,0.6946899776180041
discuss,2.084069932854012
howworkathomekronosscam,1.6176174437798732
heres,1.6176174437798732
5kmo,1.6176174437798732
worse,0.48097117600877076
electrical,0.48097117600877076
yuck,0.48097117600877076
pokkronosourcommunitybeansnthings,0.4174154868581911
goes,0.8655965185658432
owner,0.7449752678013816
shop,2.1354802159732578
coffee,7.108489842689256
sowkronosactnow,0.45584940460522805
essential,0.45584940460522805
12,2.6374473415896937
logo,0.48960990788035025
beside,0.48960990788035025
for,0.7910023093856986
acting,0.7910023093856986
moving,6.936578851982023
newmans,0.7910023093856986
particpation,0.9032042658540018
drnewman,1.394751167695893
doc,2.900238716687665
move,8.235996329042843
carreer,0.7361254727780305
discredit,0.7361254727780305
totally,1.6685568130692952
medskronoscheapmeds,2.5736842187602376
medication,2.5736842187602376
pressure,1.8492277231638732
activists,0.886549645226498
advises,0.886549645226498
question,2.4928657220516675
island,1.3570630398028736
stinking,0.931770129941547
leaves,0.931770129941547
cruise,1.774052673025631
wasted,0.5786482410800788
hour,4.327035649278456
kinda,0.819713063772619
really,10.130476212530517
paradise,0.4979970140057332
evening,0.4979970140057332
hello,1.0158560449788858
enviroharmful,0.46258990708623393
fellow,0.46258990708623393
ok,5.528257548718409
smadcokronos383xaw,0.2989582125669365
renewal,0.2989582125669365
urban,0.2989582125669365
accidental,0.2989582125669365
exercises,0.2989582125669365
training,0.2989582125669365
neighborhoods,0.2989582125669365
rundown,0.2989582125669365
fires,0.2989582125669365
setting,2.2262200572931463
breaking,4.307089631524177
smoke,6.797683305766653
smells,0.5881492713017985
omg,9.961698009048318
involved,2.739947509915547
thinks,1.7211159834691614
enemy,1.2482525328391005
ridiculous,0.7513867256238183
terrror,0.7513867256238183
whos,5.482090995988299
cat,1.9949543406627024
555,1.0272458806594837
called,7.1490380543631575
forget,1.1205857015396876
pokkronosevents,1.0635381849936019
volunteers,0.47802147416748497
justlike,0.5569159436003213
firereport,1.6024896025385482
ruin,1.0711763610152092
madeg,14.718878660173822
achilleos,13.140516239414982
fire,97.64942145560218
coming,12.240875528439995
reports,22.461712754488122
scanner,1.6089464406967098
sounds,4.348170639254627
pigs,0.6341072640783618
capitalist,0.6341072640783618
foreign,0.6341072640783618
bowing,0.6341072640783618
rewards,0.6341072640783618
reap,0.6341072640783618
food,1.6291894406559961
steakhouse,0.4874758334137283
eating,0.4874758334137283
heroes,1.575926598390792
weve,1.1936733691245403
reminds,0.9541728303997188
consequences,0.7165807671822495
suffer,0.7165807671822495
generation,0.7165807671822495
threat,0.7165807671822495
expect,4.303922324915397
complex,10.444217277779646
apartment,20.684952724543184
dolphin,43.787287999137504
dancing,46.8533541152413
units,27.04197738434635
dispatched,15.38857500938546
department,15.076030875415054
atachilleos,0.8349938006630179
apartments,9.18108803445763
dancingdolphin,0.8349938006630179
trucks,12.876791616392616
dancin,1.6183375125819668
hut,1.8079219180377806
sowkronosenvironmentalheros,0.40966414529657735
four,0.40966414529657735
story,0.6992291755641136
viktorekronosschedule,0.4029621469483062
friday,0.4029621469483062
houses,0.4029621469483062
performing,0.4029621469483062
neededfire,1.144759973077659
firemedics,3.3765855662660895
joke,1.5119410228073757
problems,1.1794816814428857
broadcastbuilding,0.8161131136635122
bonfire,0.44964533852356137
someones,4.002260630043102
yikes,1.3644666177336837
dear,1.3990178960960027
oh,7.526965760243573
responders,7.1696488298688354
buidling,0.7141006604557901
oppression,0.9664528276425185
governmental,0.9664528276425185
bring,0.9664528276425185
neededpolice,0.6901907111045925
sent,4.447236458990847
east,1.9601106277546592
reported,1.886518233263469
distract,0.5108523027078533
surprised,0.5108523027078533
wouldnt,0.5108523027078533
wraps,0.6602946900119646
powr,0.5162585797600042
continuing,2.291394899039727
identified,4.72585225215764
location,4.72585225215764
route,4.059329019071873
en,4.059329019071873
reporter,1.9272917706386903
staff,1.9272917706386903
dogs,0.4681469789785327
street,6.418485382193767
somethings,2.406217346283549
serivice,0.5893274312527342
afd,5.627799779727655
youtubekronosdt83neln,0.4300000474273641
spill,0.4300000474273641
toxic,0.4300000474273641
sowkronosrecycle,0.5154150810254734
recycling,0.5154150810254734
differnece,0.8193571942188257
propaganda,1.040978166314195
smadcokronosb39x02r,0.5130815549128223
casualties,0.5130815549128223
mass,0.5130815549128223
true,2.6255237338587656
misfortune,3.0424813250218956
subdued,3.0424813250218956
tamed,3.0424813250218956
little,3.0424813250218956
closer,2.174192093319861
brings,2.174192093319861
strike,2.174192093319861
floors,8.105094685643111
buildings,13.563809635567061
yesssss,1.230347514813808
favorites,0.5027978531698386
viktorekronosourmusicstandupspeakup,0.6855084504320457
device,0.6855084504320457
mobile,0.6855084504320457
available,2.9390549230537477
lyrics,0.6855084504320457
floor,14.887492172265649
windows,7.87741189618608
six,2.0907359402452963
visible,2.7702962063365675
flames,6.315590274206065
illumation,1.3624010968892621
omgwtfbbq,1.0
actor,0.5119031742190733
obviously,0.5119031742190733
tweet,0.5119031742190733
apts,0.5404377520873385
spoken,0.48579749528740396
arresting,0.48579749528740396
engulfed,0.4692366169517602
appears,7.911664735757588
sixof,0.4692366169517602
intense,1.6719753358738068
wow,4.791505314623585
conclused,0.9256267582785774
residents,22.664077010986823
yet,9.873582613701698
timmy,2.2661371604156155
spooking,0.4745572503782145
sirens,4.248953895809766
chirpwatchkronoswatchme,1.2675911053576399
watching,2.585034249179296
profile,1.2675911053576399
viewed,1.2675911053576399
managing,0.6710018353813607
arrived,30.52337049226722
cop,21.606428018846614
hit,15.557648867778564
scene,32.829623387385155
manage,1.7476824702332585
helping,4.248612752615116
occupied,7.05608297879962
currently,0.7997026811852506
report,21.08867541103273
flying,0.5910533508611494
bullets,4.341208504876693
ruled,0.4547250473990944
possibly,0.4547250473990944
witnesses,8.493285432860416
received,0.5890047507073753
protection,2.063066211081659
searched,4.879310969873011
yes,1.1784832384234352
trickle,0.6441175051376848
occupants,5.0531795573234035
extent,0.4156890444567861
assessing,0.4156890444567861
301,0.4564441675342031
filling,0.4564441675342031
prayer,1.3333724289590452
appartments,0.4322366121045415
dolphins,0.4322366121045415
dancind,0.4322366121045415
sisters,1.2643496299006256
brothers,1.2643496299006256
prayers,3.980981144777003
buy,0.7539003878357827
bot,0.7539003878357827
victim,0.7539003878357827
helpless,0.7539003878357827
srsly,0.7539003878357827
whoever,0.8019181190696907
neededamublance,0.6563015863581456
assist,4.131108729472705
ambulance,15.68308619881748
exiting,0.6607874243641187
several,5.288240757169665
persons,0.7987331285167671
historical,0.7987331285167671
draws,0.7987331285167671
bribe,0.448642780439453
enemies,0.448642780439453
political,0.448642780439453
inside,10.219382459887807
unclear,5.223926119084476
saved,2.6562029906094824
additional,25.869448510826544
sad,3.309601916798787
seen,3.7535782363182775
excietemtn,0.5192614672109422
nooo,0.8925253970948442
disgusting,0.7071067811865476
comments,0.7071067811865476
night,2.575073662525592
rave,0.9512920459676295
wheres,2.6512208163360125
thirdfire,0.6689410765115436
hurt,4.350038396595131
stories,0.3240921652890022
three,2.430544424707004
bottom,0.3240921652890022
structure,0.3240921652890022
indicates,0.3240921652890022
interwebs,0.6715343346469972
viktorekronosthebandlomaxgastovathena,0.4616992487377534
athenamusiconline,0.4616992487377534
interviewed,0.4616992487377534
gelatogalore,18.978428085787787
speeches,1.0045664196554713
killed,2.971074542301837
break,2.176065780393173
guy,19.582396828607603
easier,1.71236998600552
dodont,1.71236998600552
trapped,17.816103212595404
screaming,2.675715115577331
midnight,0.6716950502320651
shift,0.6716950502320651
14,0.6716950502320651
pulled,3.502897741467203
course,1.6814042612182971
trickling,2.7577153125612135
tho,0.579300487435692
even,1.9725583525372081
donations,2.4739257575299822
heading,3.1844828053401866
dispatchedcrowd,0.7004859192017933
unit,8.563475980194717
pd,3.821385186828347
distress,0.988141225790947
creator,2.001528911045052
grace,0.5627895961959946
figures,0.4069045308744003
historic,0.4069045308744003
gandhi,0.7750445997902031
ermou,0.6277118641643147
corner,8.160635981034488
side,5.737799359585614
worlds,0.7998947131915688
solve,0.4064108826629914
unoccupied,0.55290564601159
rallykronosfriendsofllm,0.6489922849174733
anybody,1.961742267032061
elder,0.4629789205500442
hilel,0.4629789205500442
guess,4.93227278107624
opened,2.7338018164670173
door,10.463245597806688
knock,0.8675660611960045
search,0.8675660611960045
given,0.8675660611960045
service,2.4113691535989834
organization,1.6805406897138373
shooting,19.11356780124411
2nd,1.176286994513408
full,2.1112309227200443
third,1.2448781534916333
clearing,0.6840034773860304
firemen,9.584230841535259
shopped,0.620500293641562
pictures,2.08680473650719
pahetic,1.03710164080568
thatz,1.03710164080568
moar,1.03710164080568
havent,1.5250894975637226
kindafun,0.7262245299738798
ghandi,0.8959008572885827
residentscontinue,2.879395605309379
somewhere,0.40256490380370985
vaca,0.40256490380370985
smadcokronos383n28q,0.5130815549128223
mounts,0.5130815549128223
toll,0.5130815549128223
evacuate,12.424336350466588
apt,1.0
evacuation,16.917241647997656
assisted,2.162561611848159
firefighters,4.883900524085626
guilty,0.5248607144044548
slightly,0.5248607144044548
thinkt,0.515498881332813
youd,0.515498881332813
assisting,0.6096227983089328
missed,2.4766980740352422
dang,2.419339541644067
inhalation,1.8012957301210681
evacuated,10.846575083103334
treating,2.1733855622244365
paramedics,13.015857203898904
engines,0.4815381591344823
precaution,1.3903150096079084
nearby,6.187469704872521
ordered,1.3903150096079084
staffing,0.5583151240545934
hospital,13.480800448063462
attention,0.649261348658823
medical,0.649261348658823
reeducation,0.649261348658823
yup,1.298522697317646
viktorekronosourmusicstandupspeakupworld,0.395987202341586
mix,0.395987202341586
bands,0.395987202341586
covered,0.395987202341586
injuries,8.556900602421893
flooding,0.8224694283112068
congestion,0.649869530194986
minor,1.39791457709343
treated,1.912425201012003
awful,1.108448220693665
church,2.27987791651196
allfaiths,1.3921480551356147
counseling,0.47414491041827617
clear,1.326683670717147
evacuating,10.63632399815002
thot,0.4687697570668903
stay,12.079005924255734
smart,1.0213979177513637
viktorekronosthebandinterviews,0.931577865338575
neighboring,3.271118336239376
entering,0.4514741367546054
operation,0.4514741367546054
flag,0.4514741367546054
false,0.4514741367546054
bear,0.5155565438522042
soon,1.3436916734136206
restaurant,0.5155565438522042
underneath,1.331553863193871
net,1.331553863193871
safety,4.13090547257566
somebody,3.301865481558937
entrepreneur,1.331553863193871
vicinity,3.8373343478231168
evacuations,10.950940909632067
closing,1.1389211405955195
sowkronoswhoweare,0.902132032066772
sustainable,0.902132032066772
renewable,0.902132032066772
among,4.6488800775924
serious,6.6195915906749185
upper,6.066535484508948
resident,13.319783756517982
rescuing,0.9509878911958677
46,1.0371972892173118
lived,1.0371972892173118
marta,0.8883806164717514
carrying,0.8883806164717514
folks,1.3020835068071746
rescued,10.28275297359411
courtesy,0.5570447009331828
pour,3.773651771969214
continues,12.677993602890732
gridlocked,0.47522749013493054
breadth,1.8227779711849648
bated,1.8227779711849648
agents,1.0581993752163854
amatuer,1.2514212028552223
pokkronosrallyinthepark,0.6024968338290666
end,5.587078098413675
differnce,0.683845672898306
everyday,0.4113346466203026
showed,1.937464416383017
inherit,3.198239364834039
shall,3.198239364834039
meek,3.198239364834039
france,1.827705208870678
paris,1.827705208870678
diverted,6.264038756453494
officially,0.7838951778275864
tunes,0.6005280755742498
woman,2.383871742891923
okay,4.177558208837458
expand,0.597803976059109
referkronosphish,0.8165829452635239
syvlia,0.5504182843023727
returns,1.2073812786757234
vigilant,2.455185911193406
calmer,2.827498854086587
concert,2.455185911193406
wuz,1.030171789410164
circles,1.0674212603501623
57,0.6510230280790662
41,0.6510230280790662
relieve,0.6510230280790662
arrivedat,0.6510230280790662
animal,0.7559289460184545
stuffed,0.7559289460184545
collection,1.511857892036909
doll,0.7559289460184545
uniforms,0.6129864087787799
badges,0.6129864087787799
viktorekronosourlistenerstories,0.6106918309732143
dance,0.6106918309732143
responding,0.38716885423650366
original,3.3282906052453307
replace,2.9061229146471357
fresh,5.037004367249475
requested,3.1872907131769783
fd,0.38716885423650366
longer,1.5148552998824485
phone,1.5719155513869798
answer,1.8567092289967109
chicken,0.652467868786592
mmmtastes,0.652467868786592
frites,0.5947199841522506
pommes,0.5947199841522506
interfere,3.607237390265063
carrier,0.37481424749821757
jumpy,0.37481424749821757
timmys,0.37481424749821757
ligths,0.37481424749821757
flashing,0.37481424749821757
downtown,1.2729191126563757
furniture,0.38935339839738503
huge,0.38935339839738503
sale,2.1427164829677876
unfounded,1.6243512233199005
proven,0.5826123496345192
comeing,0.35874581054651716
worried,2.3570879052017535
wonderig,0.35874581054651716
sittin,0.35874581054651716
silent,0.8742366946050418
lives,0.8742366946050418
shelter,1.0330015721792207
emergency,0.5223189795836121
doors,3.56310446162835
proved,1.128128973744355
joking,0.49274129278620143
dolphn,4.049809677907772
pillowcase,0.9349637551182035
hang,2.4673875246610484
weapons,0.3934427454289955
citizen,0.3934427454289955
told,1.481270032221168
magazine,0.8370842200231593
arise,0.8370842200231593
issue,3.8565347199718243
accident,2.4749793876967203
souliou,0.9663865275154708
totaly,0.4800446947214821
dude,7.1843381487839855
unknown,2.7231718360319213
arrivals,2.172601523727064
weary,2.172601523727064
figthers,2.172601523727064
arrive,3.270554092825658
beat,1.229626395745352
guys,10.801579891347428
everybody,1.781704217366022
beaten,1.8392075311018634
van,38.10254849341937
black,11.769258960162576
moron,0.6150788091924628
driver,6.729891995792003
worst,1.769752220528058
drivers,0.6987023180524826
smadcokronos39cni39s,0.48799339802784425
dorel,0.48799339802784425
stopping,0.8706961164503594
relieving,3.058525682124306
happened,1.1224518222332756
injury,0.9863948702731888
progresswith,0.9863948702731888
felony,1.5630074380262653
insurance,1.3962439983743877
cafe,0.44585843210733994
katerinas,0.44585843210733994
schaber,6.9043927544039745
block,7.945480300798058
500,6.509301956837833
bicyclist,6.291336260711044
edessis,1.354206845430093
eira,1.354206845430093
struck,0.7901834138292494
bike,3.205494296848709
plate,2.1861039827228357
license,2.475868659142455
caught,2.0239674191280725
inconsiderate,0.5706044117789324
runin,0.49609185597922717
expansion,8.938816204011573
announces,1.105820128270416
seeing,4.0343964142149105
able,0.8375114465973496
announcing,0.8375114465973496
justhit,0.4753552716532758
abalckvan,0.4753552716532758
derp,1.4424160442423433
vanpartial,0.4731146030138414
runblack,0.4731146030138414
broadcastfelony,0.4731146030138414
announced,4.6491285807108085
l829,1.3484994675661934
partial,1.3484994675661934
releases,0.7448787072175941
dispatchedpedestrian,0.6311274132076437
investigationrequest,0.7503277870025894
description,0.6930759147700787
issues,0.3596907929154114
vehicleblack,6.163359923137424
messed,0.5238269633374999
plans,1.451374849112697
busy,1.024134851429178
interrupt,1.4914402975523497
ordering,2.7004577360784454
expanded,3.857066925586824
punch,0.37648870050708244
cookies,0.37648870050708244
evacuees,0.8669813687823889
reminder,0.37648870050708244
inspect,0.7675162787696804
wide,0.7675162787696804
tada,0.7675162787696804
body,0.5646618416944154
released,8.088020561010861
information,0.6538571952694425
authorities,0.6538571952694425
incident,1.8940225871119658
urges,0.9993367374636082
neighborhood,5.139611753283621
usually,0.4470840370865594
store,2.124861279486184
injured,15.11462293304064
smadcokronos39xhke,0.43771278054356566
discoveries,0.43771278054356566
shocking,0.43771278054356566
addtional,0.49169513882219607
perimeter,5.714865926781574
expanding,0.49169513882219607
practically,0.5289397762253443
construction,0.415983612817366
shoddy,0.415983612817366
company,0.415983612817366
noes,0.415983612817366
kicks,1.168181706273882
ashtma,1.168181706273882
shaken,0.502355588695923
decided,3.1470986890863935
marshal,2.570126206075069
beginning,0.5376032646035721
deportations,0.5376032646035721
round,0.5376032646035721
nice,2.345019511188764
looked,4.052908385042001
trashed,0.7968428935473779
bets,0.5683917631629504
pissed,0.7034934200630948
na,6.4981908927545025
gon,5.833004585431793
wheels,0.7034934200630948
carbon,0.7034934200630948
frame,0.7034934200630948
titanium,0.7034934200630948
house,2.2066223961880063
docs,0.7752826047508155
immediately,0.42573030751724344
vacate,0.42573030751724344
pics,1.2779684256598884
account,1.2779684256598884
eight,2.723315660271566
times,1.964515993540631
seven,1.964515993540631
em,2.503302128026292
uninjured,1.3288935590040891
west,0.6760961544279189
headed,0.6760961544279189
suspected,0.6760961544279189
pursuit,7.938079031136808
coppers,0.36206432254100795
henri,1.2152730228408593
served,0.9078954002306338
bean,0.9078954002306338
biker,0.9078954002306338
driverin,0.6430650710693265
recklesshazaradous,0.6430650710693265
pursuitpolice,0.6943892654878394
officers,3.1067366938776173
donot,3.1067366938776173
accepted,1.227474220502615
answering,0.6395386624300828
rights,1.1188441598488854
meeting,2.100340308534029
cyclist,0.6448632396629894
polvo,1.995188106831245
red,2.3953053784406357
ran,3.067541723593969
erratic,4.336909695906338
crying,1.4730886887806862
blasted,0.5160533398966499
smadcokronosb33nk4xs,1.2192293913402363
untold,1.2192293913402363
joins,0.5415607661590933
continuespolice,0.5415607661590933
reflect,2.5532756727218042
pause,2.5532756727218042
majority,2.5532756727218042
whenever,4.716563067478281
sacrifices,2.615372142894218
private,2.615372142894218
glories,2.615372142894218
public,11.808791205720775
yay,0.3643458055513307
pursuitcontinuespolice,0.865261861685414
scary,3.237182092376126
nightmares,0.6539151895748949
cheered,0.5444503217409596
driveway,0.534596237472594
driving,3.8407758883951506
dinner,0.4224819164578501
parking,6.898984082278152
fired,11.628216875601565
ithakis,15.07230405969421
alexandrias,13.045595500492947
intersection,5.790392033551374
cornered,2.7365722729541657
ttl,0.49646779100815247
backway,0.4891341828859896
exit,1.8753217202442243
cartridge,0.77136826072829
ink,0.77136826072829
octavios,1.1251770282469908
milk,1.2963652677644113
exciting,0.8375862152527624
gun,10.704053742088895
gunshots,1.0008519552269197
behind,8.52760328296485
copsr,1.0008519552269197
assaultweaponin,0.6646350727609344
galore,13.776175146274676
gunshot,0.558140134436427
id,0.558140134436427
blocked,1.6402210873195056
tturn,0.3772144412840232
happening,3.69555617920723
omc,0.6918367761051126
cnat,0.4445745343324938
shot,10.063670994048064
somedby,0.4445745343324938
hink,0.4445745343324938
watermelons,0.985518980653008
hiding,2.9079738523501186
gunfire,2.476345290950821
counter,1.0047618489274248
withsome,1.0047618489274248
peeking,1.154861655495072
mailbox,1.9373368738888161
section,0.96547983862151
freezer,0.96547983862151
moved,0.96547983862151
sais,0.5163474352047669
getviolent,2.4208516190601292
wth,2.4208516190601292
dead,4.37406467402797
downn,0.9457358964925666
ya,0.4931436906149441
blood,0.5166690259215498
thru,1.104415787534225
chouting,0.6110376694778027
front,1.8771365197895253
used,0.42277895286260725
undercover,0.7950595802535293
cars,5.253204795097712
faces,0.7950595802535293
could,2.015802907080552
table,0.45232441122656103
wall,0.6922577745430734
shooter,5.44102669277888
nooooo,0.4590348317050416
window,2.1327092527308262
peeked,0.5444442101601841
toget,0.4895754310168942
iwait,0.4895754310168942
didtn,0.4895754310168942
wtf,1.107682127110997
head,3.0862284336201666
keeping,2.615257687309902
outsdie,0.9280849438652592
details,0.46597899803008974
bads,0.46597899803008974
sometthing,0.46597899803008974
movies,1.389947112984816
servide,0.4692621840865474
didhnt,0.4692621840865474
hotchickskronospictures,0.48975151420087276
pic,0.48975151420087276
laugh,0.48975151420087276
didnthave,0.9784233240820055
result,4.685781998973308
officer,14.918328665748914
unconfirmed,2.900315854187788
gunman,0.4147739770184475
multiple,3.566516031928947
holding,2.809654481293037
activity,0.4147739770184475
flurry,0.4147739770184475
omgomgomg,1.0679600141427177
eat,0.4056993693900923
grabbed,0.4056993693900923
reached,0.4056993693900923
gunmen,8.609949477967314
snadcokronos38cnik34,0.45978278828072555
empire,0.45978278828072555
facts,0.45978278828072555
surprising,0.45978278828072555
knew,1.192378492288652
shown,3.2732854351605365
reporters,1.1341884375739801
neededofficer,1.1938486588574855
terorists,1.0928950908049049
peeks,1.4307575167276423
pray,1.6973504632239114
danger,2.046416835375747
stores,2.0412960156216733
standing,1.333139267363671
galor,0.41136977145564374
indoors,0.41136977145564374
clearly,0.4720808463806028
hard,1.3302089371854522
pls,2.380869958538869
focused,1.2401209535352942
headlights,1.2401209535352942
pot,0.4909231953859945
neededambulance,0.6810592284821247
thinkthe,0.6489283351069004
standoff,19.31380768101244
hostage,13.288477123633614
typinghard,1.1547005383792515
movig,1.1547005383792515
keping,1.1547005383792515
room,0.8566187934891665
chekcing,0.8566187934891665
maniacs,0.6500683550221863
shoots,0.6500683550221863
background,0.48606247136179936
hearing,2.3791951573895114
wandering,0.5172068067642932
newspaper,0.5172068067642932
smadcokronos239nk89,0.5410894061645096
happeningn,0.41480421920159416
belivef,0.41480421920159416
linkcitykronos,0.4907053857743127
knocking,0.6650915925287558
sticking,0.49088141651407685
running,5.563100489126232
resolves,2.6141441544614734
patient,2.6141441544614734
beleive,0.469751184328671
somany,0.469751184328671
downsend,0.47156569804243953
emergencypolice,0.47156569804243953
dire,1.0100596242879512
wounded,4.381720614460109
amblance,0.6627927191297278
wonder,4.942811656316602
gleatogalore,0.5060332048726164
sway,0.5060332048726164
status,1.4090649457140294
souls,0.4550406777548993
bless,0.4550406777548993
yr,0.454123921116429
reporting,1.3056927740757336
buddy,1.8168766345936458
apb,2.4880116104965917
businessman,1.0360037195209664
owed,1.0360037195209664
stronger,0.6860393083150557
nervous,0.48487503027524315
beer,0.39224638103867493
nowguess,0.39224638103867493
sounded,0.8915851892784759
bummer,0.39224638103867493
team,7.743994026325851
emergencyswat,0.5883695124571221
putting,0.6870003336034184
arse,0.5472862162273402
kick,0.5472862162273402
craziness,1.1935313566608803
heck,1.1935313566608803
alexandiras,2.6124098464370493
pole,2.735200877311602
telephone,1.2878095913560532
include,1.804705591965853
displaced,1.8471662794253276
jax,1.1926280841891337
imagine,0.4455188386269838
wasnt,0.5117085017593929
shouting,0.47248403649488485
waving,1.2664490517595404
gawking,3.11245376622899
updates,0.4123155303364835
condition,5.486291469157077
duty,0.4123155303364835
arentt,0.4467143758382972
smadcokronos9njpp39,0.4329817143848121
wealthiest,0.4329817143848121
sanjorge,0.4329817143848121
nut,0.7838951778275864
klinekronossignup,0.5230243869990112
lawyer,0.5230243869990112
arrested,9.152992380896947
solution,3.238253256267151
attackers,0.8330186276101871
stable,4.757794673969975
brave,1.2868522032689056
starve,0.53029024606293
grocery,1.4349752604294188
scen,0.6004807931433183
continued,4.4420363374711265
becuz,0.5415980807326064
leaving,2.6641983522026687
saw,1.8018566190139012
minutes,0.49067131282069476
realized,0.4583410085958868
guns,2.667633120148939
came,2.5135411251989197
stuck,2.1672821250166123
funnrun,1.1943174075406533
doin,1.1943174075406533
distraction,0.9620974318939367
sylvias,0.6318136562034042
rockers,1.0473817431019008
terorrist,1.0473817431019008
practice,0.6552911916281091
responded,3.9058980323982055
getout,0.8741126246955617
changes,0.602094352417747
microblogs,0.44101786091969575
goodness,0.44101786091969575
grocer,3.7975681791879197
general,4.228102369168442
situation,4.8697890341135155
requestlocationpersonincident,0.560984162453707
investigation,1.0691737508982706
recommendations,0.9895411989116185
detailed,0.9895411989116185
wan,1.8072222418417598
snek,0.6169359686869799
ii,0.6169359686869799
system,1.9100619738142133
rising,1.1296255490954084
ivolence,0.6688108162772783
mars,0.6688108162772783
robots,0.6688108162772783
attack,0.6688108162772783
hoping,1.1578078604356317
moneykronosworkathome,0.5644468058544712
ode,1.3793658653166367
hadnt,0.3948728782148988
shed,0.3948728782148988
praying,2.368593983045202
fast,1.1649617878151532
attained,2.1822798634557805
cost,2.1822798634557805
gifted,2.1822798634557805
fist,1.0565698425596668
murdered,0.6696424819223953
tooo,0.45384989031176987
lets,1.0455210469214542
showeed,0.6847495147704289
swat,17.225721113906214
shows,0.9444907553186679
official,0.9444907553186679
hirt,0.7191553357479009
smadcokronosqae49b3,0.5335097406578293
rank,1.4169285841262618
waved,0.7720847857370396
cow,0.49126730290848
holy,0.49126730290848
shoplifting,3.0
problemcall,0.5024320200496343
bug,0.5024320200496343
shooters,4.639196308252716
armored,0.53435191261191
arrives,0.53435191261191
backdoor,1.0085390925085964
boys,1.2374640311779666
exerting,0.4767922491906157
haev,1.4432263935331702
resolution,1.104731768295773
swift,1.3505251893772903
tactical,6.330211857074489
couple,1.151359775455332
mad,2.0887720580374833
yeelling,0.8816258088171127
yelling,5.657654040929657
clothes,1.5933536309624037
continue,0.36435157358373393
alexandria,0.36435157358373393
captives,0.471649255986785
boredom,0.5282602499168342
tootin,0.48230492319985846
rootin,0.48230492319985846
yells,0.6965142708768017
escalated,2.5794207655459855
threating,0.5473811423913741
stretcher,0.682569784248591
firefighter,14.059570372290036
someday,0.650493631477888
helicoptors,0.45409412448500236
pulling,1.362240878116312
security,0.5359267921055403
establishing,0.5359267921055403
command,5.934524980966348
transitioning,1.2634782486003544
negotiate,0.9555992380651368
loooks,0.44271211652782344
hte,0.5212569138154362
thtat,0.5442405128634519
givin,0.5442405128634519
idb,0.5442405128634519
raising,0.4803782985788777
fund,1.157504782974129
dudes,0.9864856603785039
seesome,0.9864856603785039
working,1.5121763983168541
fairly,0.8096151783784296
follows,0.8096151783784296
release,2.0214489492548733
managed,0.5893197475131342
sitting,1.131866537921038
shoving,0.47299937242212725
ims,0.9681059276857947
sending,0.9681059276857947
since,0.6997665183679423
glaore,0.3694120851479872
line,0.4368975038288432
coffeee,1.4145237226680918
carlys,2.061243164734752
thsi,0.5680208377928715
discussion,1.254287725404293
anywhere,1.7860744798985628
requestlocationdwelling,0.560984162453707
fighter,0.710936074949976
harpsichord,0.6250735133659907
recipes,0.6250735133659907
grandmas,0.6250735133659907
stress,0.6250735133659907
score,0.7717052705646942
folk,0.48468497975175456
safely,0.9307181846526151
quickly,0.3333962591012035
believed,0.3333962591012035
terrified,0.6031864195506094
gonig,0.5877572999763424
creative,2.39619350676787
nite,1.1506112398892467
knocked,1.3051234576056248
groups,0.6146233113725632
emerging,0.82945394289886
aw,1.190257688336985
worry,0.7884349471706742
mom,2.092200933354981
activityreport,2.121320343559643
narcotic,2.121320343559643
negotiations,2.987207393857121
negotiating,2.604394503803765
craazy,0.4446446136407906
negoitator,1.0
pople,0.9817374348068737
comeon,0.6640868868741954
smadcokronos20cn8389,0.9599675401006332
destinations,0.9599675401006332
picking,0.530824100072552
tournament,0.8437555540977012
interested,1.0484883857477476
seemed,1.0484883857477476
fly,0.48378692445677696
state,1.846627972196961
parlor,0.48378692445677696
livecasting,0.5333149728907306
interviewing,0.5333032142696078
peacefully,1.5098309347668266
trashbin,0.5833660357869397
already,1.334250248968704
patrons,2.231879274624692
punished,0.5622099010085282
onethanks,0.530932746030185
rallys,0.530932746030185
orchestrated,0.49242306280395526
admit,0.49242306280395526
panel,0.6678885291231106
supply,0.4141482906181488
chased,0.6490537082558616
underway,4.90725274171926
forth,0.48384638535670865
negotiator,2.6377892912752645
swats,0.45803770817319095
roofs,0.45803770817319095
witness,4.941940168031632
threw,0.5483076110056885
jeez,0.5483076110056885
minded,0.8106086845555937
feeble,0.8106086845555937
cuaght,0.8106086845555937
understood,1.5739019852424825
popping,1.5739019852424825
poison,0.429534015698886
allow,0.429534015698886
outta,0.5734569421608333
drive,1.7689677669946815
male,2.9588651317182193
smadcokronos39vn811v,0.5285459551981728
robbery,0.5285459551981728
anyway,0.9937676870305356
200,1.1694407758356529
deserve,0.4271642242296545
bystanders,0.4271642242296545
dummies,0.4271642242296545
kind,0.4271642242296545
career,0.8554929765863829
crash,0.40954764335080035
oso,0.9473955653592628
mikal,0.40954764335080035
bystander,0.4362001319842661
innocent,0.4362001319842661
random,0.4362001319842661
moneygrubbers,1.0035423749479395
cares,1.0035423749479395
gag,1.0035423749479395
stalemate,0.6990236817397351
unwind,0.9364183059573871
norris,0.5611317301738792
chuc,0.5611317301738792
calmed,1.3325981089040164
impact,0.5376358117794812
economic,0.5376358117794812
negoitations,0.4922834026970912
ramp,0.4922834026970912
backed,0.9235989940042026
pointed,0.6255004355500641
greenwashing,0.454919476577858
amount,0.454919476577858
tension,0.5091229274030052
ton,0.49821387527870103
troubles,0.505340380470467
drink,0.505340380470467
unfold,0.4173741449782293
drama,0.4173741449782293
suport,0.5541712150337326
kid,2.194737861843949
grow,2.7495104700811543
despite,2.7495104700811543
calm,0.46220806773173756
stays,0.46220806773173756
warnings,0.5393238688588733
criminals,0.6375820017987178
sell,0.40273819822231816
offsaid,0.40273819822231816
bored,1.0264850974863955
deal,1.7199631387544945
smadcokronoscbcje9q,1.1273780880566153
latest,1.1273780880566153
stufpid,1.0211906881408996
debating,1.0211906881408996
buying,0.7175069633908714
jujst,0.9376597987045351
anthing,0.9437898840786575
type,0.9437898840786575
barely,0.9437898840786575
offering,1.0396270823054714
collapsed,6.473139202258217
caused,0.6375820017987178
swoop,0.3760318981169158
buys,0.3760318981169158
tough,0.3760318981169158
suppposed,0.3760318981169158
overlord,0.4267733820334384
evil,0.4267733820334384
communications,0.4267733820334384
prowler,2.0
someothing,0.5708717063784227
nowhere,0.5708717063784227
reenter,0.9052417636881231
4ever,0.5873425229039909
takign,0.5873425229039909
notice,0.4614845169274515
walked,0.4614845169274515
blaze,0.8769389915209171
summoned,0.8769389915209171
requesting,3.947736970308282
gone,0.71420608839113
prevail,0.5025472179927732
hearts,0.5025472179927732
tint,0.6942170018470909
pretty,1.1107177570717273
actually,0.6942170018470909
towards,0.5501739473070592
tired,0.9375664033668524
suddeny,1.2413812278123457
hundred,0.9041969758447179
poked,1.134702099304645
clue,0.44728258587605796
dophin,4.552834260018019
firghtened,0.8983566126921507
supported,0.7417562006977488
homeless,0.7417562006977488
raiser,0.7417562006977488
switch,0.4169100820009455
gladly,0.4169100820009455
iwll,0.4169100820009455
armed,0.8056695822920729
heavily,0.8056695822920729
cordoned,0.4793850436186949
stayed,0.6647387761576307
shuoldve,0.6647387761576307
besides,0.6260030119588947
tv,0.6284623036418412
i,0.7007219388060447
i,0.7007219388060447
likely,4.030827668355356
onto,1.524886127720342
hoses,1.524886127720342
measures,4.2879769338979985
justice,1.693070180839655
miilling,0.515045021690265
trenchcoat,0.515045021690265
spread,0.45913793498429245
protecting,0.45913793498429245
shifted,0.45913793498429245
bravely,0.5468191892509667
persevere,0.5468191892509667
freak,0.6979381557949207
hurry,0.6979381557949207
puts,0.5709892935177386
flares,2.680967694832161
card,0.5773502691896257
identity,0.5773502691896257
forgot,0.5773502691896257
animals,0.643279722438976
bac,1.1168725018605836
fighting,1.9232411152200295
partner,0.6843025896672886
shaking,0.861814960058926
outwant,0.6570987864736851
silly,0.7144909694210281
drinks,0.584629228834665
animated,0.9055824208084522
therye,1.258037826510134
weightlosskronosphish,0.40707045203477193
fat,0.40707045203477193
trappedhostage,0.40707045203477193
feeling,0.40707045203477193
everybodys,0.9610745564736911
dropped,1.109800874380831
kicked,0.6055792182554114
nearly,0.6350193486144146
homes,1.2207486498343525
controlled,1.5443830724636545
whereareu,1.0
women,0.5203688578429635
passenger,0.5595097902132175
investigationrequestlocationpersonvehicle,0.6637974010506509
relationships,0.6316471763977032
believ,0.6316471763977032
upyeah,0.9702818159711588
suspects,8.356832184854662
peacefullyat,1.1509070833226631
points,0.5937719945998695
mute,0.5937719945998695
focusing,0.62957803007692
permanent,0.31478901503846
finallly,0.4177900513577005
goo,0.4177900513577005
letting,0.4177900513577005
finally,2.780684798114929
moneykronossellstuff,0.9847353877207119
500week,0.9847353877207119
jobmake,0.9847353877207119
tahnks,0.7598927287469392
surrendered,2.248696727734722
female,2.86616119909406
shootout,0.5449360431440131
belive,0.5449360431440131
surrender,0.9401223052338546
negotiated,3.481408816525847
notified,0.428331573937679
names,8.913211383337396
resolved,0.428331573937679
surrended,0.9076160436954543
omgopmgomgthank,1.0775752969386494
drunk,0.7937985719606063
ride,0.6777015257987902
answered,0.9940801960527467
konw,0.6039584967702868
anytbody,0.6039584967702868
ended,0.46505744209575234
unitslocationdwelling,0.5530441136554222
investigationrequestadditional,0.5530441136554222
alienskronosamongus,0.44926512238564437
aliens,0.44926512238564437
evidence,0.44926512238564437
situatoin,0.5867830991842942
declined,1.1732500276379791
scarey,1.1072762590839276
statements,0.9932759664051835
wnat,0.9932759664051835
employer,0.44895462013446413
bet,0.44895462013446413
completely,0.40061330656813
sombody,0.7594674260188076
explosion,8.177639957393716
explosions,0.5839664465076009
nooooooooo,0.5433642626818613
ohnoohnoohnoohnoohnoohnoohnoohnoohnoohno,1.0
sound,0.7061897751863455
